bin,start_s,start_hms,hold_ns,two_sided_ns,one_sided_ns,empty_ns,spread_x_ns,mid2_x_ns,one_cent_ns,touch_x_ns,depth5_x_ns,depth10_x_ns,messages,adds,add_shares,cancels,cancel_shares,trades,trade_shares,hidden,hidden_shares,tw_spread_ticks,tw_spread_cents,tw_spread_bps,tw_mid_ticks,one_cent_share,tw_touch_depth,tw_depth5,tw_depth10,one_sided_share
0,34200,09:30:00,299995758824,299995758824,0,0,854116278258900,3515250032910946100,15468878,78917121969795,454245062875571,1309608382101327,7999,3652,313405,3316,270100,608,45467,423,44014,2847.094511,28.470945,4.859491,5858832.882656,0.000052,263.060792,1514.171616,4365.422989,0.000000
1,34500,09:35:00,300000000000,300000000000,0,0,715929986030900,3520197085497935700,347014,64818380235656,391080280937995,857327407360177,5907,2796,306019,2568,277113,342,27518,201,17971,2386.433287,23.864333,4.067556,5866995.142497,0.000001,216.061267,1303.600936,2857.758025,0.000000
2,34800,09:40:00,300000000000,300000000000,0,0,622556070582300,3517704926686926700,0,64684481149151,388513185510741,1144359794970221,4761,2264,224413,2067,200147,279,22657,151,11601,2075.186902,20.751869,3.539558,5862841.544478,0.000000,215.614937,1295.043952,3814.532650,0.000000
3,35100,09:45:00,300000000000,300000000000,0,0,612687977732200,3518155206051415200,2195757,137810507198943,1045148435462634,2406219856333517,4642,2195,277593,2061,255082,264,23978,122,9333,2042.293259,20.422933,3.483007,5863592.010086,0.000007,459.368357,3483.828118,8020.732854,0.000000
4,35400,09:50:00,300000000000,300000000000,0,0,563845822776400,3519225821882466200,43314995,77784718611569,444030636609685,995726880450099,7016,3402,267336,3055,239377,410,37160,149,13153,1879.486076,18.794861,3.204374,5865376.369804,0.000144,259.282395,1480.102122,3319.089602,0.000000
5,35700,09:55:00,300000000000,300000000000,0,0,513177239347800,3515861152283859600,195533,99003236300212,503142609728878,1099905025958405,4766,2347,202839,2166,183934,176,21108,77,5523,1710.590798,17.105908,2.919212,5859768.587140,0.000001,330.010788,1677.142032,3666.350087,0.000000
6,36000,10:00:00,300000000000,300000000000,0,0,549472915985800,3512647404398643200,3556699,68562328979132,369619958102573,929135367626408,11114,5300,456043,4759,411539,673,52209,382,26425,1831.576387,18.315764,3.128540,5854412.340664,0.000012,228.541097,1232.066527,3097.117892,0.000000
7,36300,10:05:00,300000000000,300000000000,0,0,572445058591400,3509279496551207200,106047,74556876532927,407711302351797,834168081553712,8005,3859,313601,3575,290492,358,28349,213,15647,1908.150195,19.081502,3.262465,5848799.160919,0.000000,248.522922,1359.037675,2780.560272,0.000000
8,36600,10:10:00,300000000000,300000000000,0,0,544486145354900,3513206505852081500,58224821,101284328254633,469847913479849,857018160003732,5108,2475,197905,2246,178278,248,24735,139,11568,1814.953818,18.149538,3.099654,5855344.176420,0.000194,337.614428,1566.159712,2856.727200,0.000000
9,36900,10:15:00,300000000000,300000000000,0,0,493771798037200,3517608929719061400,279531,86029704175855,575772670598862,1244997840886711,5804,2797,250845,2670,231322,233,19685,104,9061,1645.905993,16.459060,2.807429,5862681.549532,0.000001,286.765681,1919.242235,4149.992803,0.000000
10,37200,10:20:00,300000000000,300000000000,0,0,478735200627800,3515925635783163800,78693,113593392149901,602797835362018,1115895128773129,3499,1677,93259,1453,78612,234,16402,135,12093,1595.784002,15.957840,2.723238,5859876.059639,0.000000,378.644640,2009.326118,3719.650429,0.000000
11,37500,10:25:00,300000000000,300000000000,0,0,499045073752000,3513577543177476000,20297499,189564466006299,744963344926857,1082778086468318,4307,2101,148318,1859,115843,242,31226,105,6746,1663.483579,16.634836,2.840666,5855962.571962,0.000068,631.881553,2483.211150,3609.260288,0.000000
12,37800,10:30:00,300000000000,300000000000,0,0,547272089462800,3513945350346264600,181898,57784937315651,260985151496489,557625630738224,3659,1813,112290,1663,102159,115,7304,68,6405,1824.240298,18.242403,3.114858,5856575.583910,0.000001,192.616458,869.950505,1858.752102,0.000000
13,38100,10:35:00,300000000000,300000000000,0,0,560875983194500,3516598841394661500,530704528,73658486531054,426106233998924,960521848137885,5331,2624,195180,2478,184309,169,12390,60,4466,1869.586611,18.695866,3.189878,5860998.068991,0.001769,245.528288,1420.354113,3201.739494,0.000000
14,38400,10:40:00,300000000000,300000000000,0,0,526515148346100,3518423122397246700,280511449,89312927997527,603264357334477,1257767416771114,5354,2597,206710,2403,189295,234,22841,120,10838,1755.050494,17.550505,2.992904,5864038.537329,0.000935,297.709760,2010.881191,4192.558056,0.000000
15,38700,10:45:00,300000000000,300000000000,0,0,482474372401000,3522438921017920600,961750,158734407311291,729482930655438,1390215178043807,4429,2092,185311,1852,157665,310,32396,175,15413,1608.247908,16.082479,2.739434,5870731.535030,0.000003,529.114691,2431.609769,4634.050593,0.000000
16,39000,10:50:00,300000000000,300000000000,0,0,401880184914800,3525361208383285200,9959135,101110712645064,658875083069092,1384395608180719,4841,2236,230848,1950,202294,456,36719,199,16297,1339.600616,13.396006,2.279938,5875602.013972,0.000033,337.035709,2196.250277,4614.652027,0.000000
17,39300,10:55:00,300000000000,300000000000,0,0,441477261479600,3526629758900412400,0,80309123494789,417397826500010,884321798991708,4460,2174,181254,1990,163629,201,18201,95,8507,1471.590872,14.715909,2.503678,5877716.264834,0.000000,267.697078,1391.326088,2947.739330,0.000000
18,39600,11:00:00,300000000000,300000000000,0,0,434685595829000,3522912408876096000,109486134,70585263138936,390569794614364,886300447611053,5750,2788,223186,2468,202161,307,21820,187,13945,1448.951986,14.489520,2.467763,5871520.681460,0.000365,235.284210,1301.899315,2954.334825,0.000000
19,39900,11:05:00,300000000000,300000000000,0,0,479263769332200,3518776203361184000,2073706,60615940997353,446798958054840,1002765615946134,6283,3037,243638,2810,226391,259,21679,177,12322,1597.545898,15.975459,2.724037,5864627.005602,0.000007,202.053137,1489.329860,3342.552053,0.000000
20,40200,11:10:00,300000000000,300000000000,0,0,515324980974900,3515475250267473700,7362182,66771751102901,390192181667892,818503722167033,6841,3296,260846,3026,232545,296,30669,223,16728,1717.749937,17.177499,2.931751,5859125.417112,0.000025,222.572504,1300.640606,2728.345741,0.000000
21,40500,11:15:00,300000000000,300000000000,0,0,502588332007800,3515908731263649600,882396,128657639830476,514599168326279,1091792785163393,5629,2680,215117,2505,194032,247,20673,197,12602,1675.294440,16.752944,2.858938,5859847.885439,0.000003,428.858799,1715.330561,3639.309284,0.000000
22,40800,11:20:00,300000000000,300000000000,0,0,519504249175800,3515697474923555400,0,71876881059434,452727200037348,861555383496678,3804,1871,134934,1768,126689,108,8278,57,4225,1731.680831,17.316808,2.955341,5859495.791539,0.000000,239.589604,1509.090667,2871.851278,0.000000
23,41100,11:25:00,300000000000,300000000000,0,0,556249724526800,3512762070898362800,350692092,108577916598219,526115188129253,1056041722160322,4371,2130,162690,2000,146576,136,14061,105,8000,1854.165748,18.541657,3.167022,5854603.451497,0.001169,361.926389,1753.717294,3520.139074,0.000000
24,41400,11:30:00,300000000000,300000000000,0,0,432382183650900,3511415527605964700,790892,165291772631096,748311144328992,1222880364662199,4206,1972,165266,1833,149109,303,29314,98,9908,1441.273946,14.412739,2.462723,5852359.212677,0.000003,550.972575,2494.370481,4076.267882,0.000000
25,41700,11:35:00,300000000000,300000000000,0,0,464964649521700,3509159074513011100,7210835,100735801971298,605897310955233,1044924083801986,5637,2690,275569,2573,257842,219,17647,155,15171,1549.882165,15.498822,2.650006,5848598.457522,0.000024,335.786007,2019.657703,3483.080279,0.000000
26,42000,11:40:00,300000000000,300000000000,0,0,534705696318000,3508702230832478600,1533437,71695846468228,474031140368844,1082457826228426,4795,2326,182478,2197,167941,168,13465,104,8795,1782.352321,17.823523,3.047883,5847837.051387,0.000005,238.986155,1580.103801,3608.192754,0.000000
27,42300,11:45:00,300000000000,300000000000,0,0,479439346872600,3510134761854108200,154917,131364203719547,461916404819591,981249313867249,3813,1849,159574,1699,139549,179,17163,86,10638,1598.131156,15.981312,2.731743,5850224.603090,0.000001,437.880679,1539.721349,3270.831046,0.000000
28,42600,11:50:00,300000000000,300000000000,0,0,516051695992800,3509746686859926200,8230457,83690032478038,418963106626487,933456478754445,4014,1904,161008,1755,143816,208,17091,147,13902,1720.172320,17.201723,2.940678,5849577.811433,0.000027,278.966775,1396.543689,3111.521596,0.000000
29,42900,11:55:00,300000000000,300000000000,0,0,536485675242100,3508675470772954500,0,90904298096303,460757801083182,1028320381796915,3734,1796,138513,1714,130400,119,10401,105,10090,1788.285584,17.882856,3.058052,5847792.451288,0.000000,303.014327,1535.859337,3427.734606,0.000000
30,43200,12:00:00,300000000000,300000000000,0,0,462588304991500,3507496728221833300,68345177,79572898753671,503840205518035,1114944993752251,5371,2513,228544,2343,205429,346,28129,169,15170,1541.961017,15.419610,2.637712,5845827.880370,0.000228,265.242996,1679.467352,3716.483313,0.000000
31,43500,12:05:00,300000000000,300000000000,0,0,489343061541700,3504654019540420100,1648297,93864320812521,415196921472236,908773881799368,4589,2161,225242,2178,212914,131,11559,119,9619,1631.143538,16.311435,2.792533,5841090.032567,0.000005,312.881069,1383.989738,3029.246273,0.000000
32,43800,12:10:00,300000000000,300000000000,0,0,478748079946200,3505254041713119200,76144,92814957032691,373560066305198,752499581396770,2688,1302,110499,1210,104583,120,7874,56,3366,1595.826933,15.958269,2.731603,5842090.069522,0.000000,309.383190,1245.200221,2508.331938,0.000000
33,44100,12:15:00,300000000000,300000000000,0,0,518083929674700,3503994342968800700,8894348,58780262450649,306682286973974,662996332335131,3587,1740,144667,1586,136731,169,9561,92,6874,1726.946432,17.269464,2.957105,5839990.571615,0.000030,195.934208,1022.274290,2209.987774,0.000000
34,44400,12:20:00,300000000000,300000000000,0,0,437227575837400,3503152303900676800,544891902,76762924515900,394104208404203,881363259799006,5525,2616,225641,2440,207332,298,24006,171,16707,1457.425253,14.574253,2.496195,5838587.173168,0.001816,255.876415,1313.680695,2937.877533,0.000000
35,44700,12:25:00,300000000000,300000000000,0,0,433146791091000,3497968504450328400,288731614,161665138259097,857058896218727,1389809555151814,6049,2794,325037,2651,295392,385,34556,219,15478,1443.822637,14.438226,2.476562,5829947.507417,0.000962,538.883794,2856.862987,4632.698517,0.000000
36,45000,12:30:00,300000000000,300000000000,0,0,557447342581600,3498149175231857200,0,64947228789937,324567528271448,681919771917659,3973,1896,192219,1827,185415,158,8151,92,6364,1858.157809,18.581578,3.187099,5830248.625386,0.000000,216.490763,1081.891761,2273.065906,0.000000
37,45300,12:35:00,300000000000,300000000000,0,0,407599860312700,3498068828437503500,2317421361,76161879119487,385473904523560,723686358838573,2895,1383,124321,1276,113176,136,10063,100,13609,1358.666201,13.586662,2.330428,5830114.714063,0.007725,253.872930,1284.913015,2412.287863,0.000000
38,45600,12:40:00,300000000000,300000000000,0,0,443944456544700,3496497451141677700,1202683,77248467252857,350627016711400,806567719461465,4231,2011,164912,1871,152867,198,13777,151,11838,1479.814855,14.798149,2.539367,5827495.751903,0.000004,257.494891,1168.756722,2688.559065,0.000000
39,45900,12:45:00,300000000000,300000000000,0,0,415323634929100,3497261274306050100,0,66067885102626,574106214748953,1122047097720849,3206,1539,129765,1410,116415,169,10126,88,6079,1384.412116,13.844121,2.375136,5828768.790510,0.000000,220.226284,1913.687382,3740.156992,0.000000
40,46200,12:50:00,300000000000,300000000000,0,0,390973567993000,3499179435264868000,11071827,78454800679028,530612059042717,1208632158766754,4308,2092,173461,1831,155733,282,21245,103,8906,1303.245227,13.032452,2.234659,5831965.725441,0.000037,261.516002,1768.706863,4028.773863,0.000000
41,46500,12:55:00,300000000000,300000000000,0,0,396128509648800,3500208158396154800,0,69273930847203,302927277311074,623640608296696,2285,1117,91564,1038,84247,90,6551,40,3467,1320.428365,13.204284,2.263457,5833680.263994,0.000000,230.913103,1009.757591,2078.802028,0.000000
42,46800,13:00:00,300000000000,300000000000,0,0,429149665270000,3500934643611141200,155036,69041446847480,321957797158584,692372909732198,3335,1646,117748,1511,110124,123,6255,55,3038,1430.498884,14.304989,2.451629,5834891.072685,0.000001,230.138156,1073.192657,2307.909699,0.000000
43,47100,13:05:00,300000000000,300000000000,0,0,356857555333600,3504259898767261800,241969510,107549390018773,413731270146174,755795042952647,3515,1665,137983,1504,125767,255,19115,91,12210,1189.525184,11.895252,2.036707,5840433.164612,0.000807,358.497967,1379.104234,2519.316810,0.000000
44,47400,13:10:00,300000000000,300000000000,0,0,351912243907000,3502153713582675000,467938273,80250611930603,370514646799202,707995821223689,3086,1495,117013,1371,107850,134,6545,86,10144,1173.040813,11.730408,2.009690,5836922.855971,0.001560,267.502040,1235.048823,2359.986071,0.000000
45,47700,13:15:00,300000000000,300000000000,0,0,489245363122600,3501024845164833000,1919290,63803125901783,299399101702307,625768970301965,3894,1892,153737,1725,143919,193,11560,84,7704,1630.817877,16.308179,2.794869,5835041.408608,0.000006,212.677086,997.997006,2085.896568,0.000000
46,48000,13:20:00,300000000000,300000000000,0,0,421382441423200,3499049933254626400,1825910,100845052774797,450779253574625,884509346284209,3518,1708,160693,1607,152218,123,9577,80,7099,1404.608138,14.046081,2.408553,5831749.888758,0.000006,336.150176,1502.597512,2948.364488,0.000000
47,48300,13:25:00,300000000000,300000000000,0,0,475429848889100,3497223859583568900,444936,121134459017199,415868390206134,756294193674038,3421,1648,153146,1543,143478,163,12933,67,8724,1584.766163,15.847662,2.718899,5828706.432639,0.000001,403.781530,1386.227967,2520.980646,0.000000
48,48600,13:30:00,300000000000,300000000000,0,0,568331138699400,3497143331214435800,0,68473336861124,291481185631066,678305182088736,4016,1977,164701,1842,157691,123,6337,74,4609,1894.437129,18.944371,3.250259,5828572.218691,0.000000,228.244456,971.603952,2261.017274,0.000000
49,48900,13:35:00,300000000000,300000000000,0,0,511757223817800,3495901943991795200,112751,83924060724245,336100675336925,696831083373672,3480,1684,142446,1552,134344,159,8358,85,6356,1705.857413,17.058574,2.927755,5826503.239986,0.000000,279.746869,1120.335584,2322.770278,0.000000
50,49200,13:40:00,300000000000,300000000000,0,0,490184179259700,3493523377551142900,2690526,91069735852298,396135886510010,848886636373146,6035,2892,248400,2664,232416,304,20267,175,10784,1633.947264,16.339473,2.806245,5822538.962585,0.000009,303.565786,1320.452955,2829.622121,0.000000
51,49500,13:45:00,300000000000,300000000000,0,0,497848562316400,3495150061830623800,988270,60851970697905,304068681479281,655211935608870,4760,2305,175898,2118,164730,212,12750,125,11577,1659.495208,16.594952,2.848796,5825250.103051,0.000003,202.839902,1013.562272,2184.039785,0.000000
52,49800,13:50:00,300000000000,300000000000,0,0,485336954391100,3496741320012497900,1660183,68967763179389,304357514613411,682124967575370,4380,2131,167269,1963,151208,204,16237,82,9362,1617.789848,16.177898,2.775939,5827902.200021,0.000006,229.892544,1014.525049,2273.749892,0.000000
53,50100,13:55:00,300000000000,300000000000,0,0,435939902273900,3498169164454062500,0,61773699260489,340365061121455,738616728637580,3334,1631,131418,1502,123652,137,7332,64,5444,1453.133008,14.531330,2.492389,5830281.940757,0.000000,205.912331,1134.550204,2462.055762,0.000000
54,50400,14:00:00,300000000000,300000000000,0,0,435199101191000,3498432546632721400,198736,86361043309976,433219797643682,784512294560955,3091,1514,131119,1407,123631,87,6391,83,7553,1450.663671,14.506637,2.487966,5830720.911055,0.000001,287.870144,1444.065992,2615.040982,0.000000
55,50700,14:05:00,300000000000,300000000000,0,0,455623758712100,3496197806495302700,941699,83610512755590,329960168993558,679881149661019,3098,1498,122214,1389,112815,124,9983,87,7514,1518.745862,15.187459,2.606396,5826996.344159,0.000003,278.701709,1099.867230,2266.270499,0.000000
56,51000,14:10:00,300000000000,300000000000,0,0,424022929545000,3493423541304574800,408074427,119283639433471,453615541311637,798322213795483,3866,1843,183709,1646,157994,266,27812,111,11644,1413.409765,14.134098,2.427550,5822372.568841,0.001360,397.612131,1512.051804,2661.074046,0.000000
57,51300,14:15:00,300000000000,300000000000,0,0,365429808849200,3490590596428475200,1125159901,91632704022822,381824868490979,723861540667838,3958,1870,173944,1713,157246,234,17829,141,14805,1218.099363,12.180994,2.093799,5817650.994047,0.003751,305.442347,1272.749562,2412.871802,0.000000
58,51600,14:20:00,300000000000,300000000000,0,0,346997570564200,3487615603142729800,719442,107271091492555,460469313910036,1125796625354354,5657,2667,277075,2544,259165,316,25757,130,13422,1156.658569,11.566586,1.989884,5812692.671905,0.000002,357.570305,1534.897713,3752.655418,0.000000
59,51900,14:25:00,300000000000,300000000000,0,0,345162244874200,3484764321903981600,711073792,108026391656273,542701021539391,991020680483867,6485,3008,371591,2862,348001,361,30064,254,35411,1150.540816,11.505408,1.980979,5807940.536507,0.002370,360.087972,1809.003405,3303.402268,0.000000
60,52200,14:30:00,300000000000,300000000000,0,0,332488084835700,3487541082610045500,959091871,92178686453582,411151248809798,798856584023551,4908,2368,224144,2153,202925,286,19527,101,8848,1108.293616,11.082936,1.906719,5812568.471017,0.003197,307.262288,1370.504163,2662.855280,0.000000
61,52500,14:35:00,300000000000,300000000000,0,0,317803946221500,3487487571161944700,893686548,113084392831225,733388891326281,1319840663236705,3464,1651,139941,1497,121280,223,18287,93,10577,1059.346487,10.593465,1.822538,5812479.285270,0.002979,376.947976,2444.629638,4399.468877,0.000000
62,52800,14:40:00,300000000000,300000000000,0,0,402929420791800,3489990536242425000,1306411,69808897336019,333387952759765,648619105281811,5641,2738,223387,2539,207186,241,16625,123,12832,1343.098069,13.430981,2.309057,5816650.893737,0.000004,232.696324,1111.293176,2162.063684,0.000000
63,53100,14:45:00,300000000000,300000000000,0,0,420387873136400,3488158454019898200,2422910,70910836748299,365705418088678,916567025590015,3181,1552,125235,1418,118390,144,7815,67,7231,1401.292910,14.012929,2.410371,5813597.423366,0.000008,236.369456,1219.018060,3055.223419,0.000000
64,53400,14:50:00,300000000000,300000000000,0,0,382566443166400,3489247165646630800,820762634,75565406054743,375318180318347,873822845369172,4752,2312,191437,2059,176828,254,14164,127,12408,1275.221477,12.752215,2.192831,5815411.942744,0.002736,251.884687,1251.060601,2912.742818,0.000000
65,53700,14:55:00,300000000000,300000000000,0,0,367471436927100,3490484152062431100,0,92607639145597,455153150028254,921152852083693,3842,1868,171107,1678,153303,192,15209,104,9603,1224.904790,12.249048,2.105561,5817473.586771,0.000000,308.692130,1517.177167,3070.509507,0.000000
66,54000,15:00:00,300000000000,300000000000,0,0,411883363974500,3489799283464483700,114035,84827743088367,358880850206383,722813610020960,3202,1551,129911,1443,120617,150,9038,58,7358,1372.944547,13.729445,2.360499,5816332.139107,0.000000,282.759144,1196.269501,2409.378700,0.000000
67,54300,15:05:00,300000000000,300000000000,0,0,373774412704500,3488496079907678500,453323684,88128012610540,359175934733965,904480491099110,3331,1615,143221,1462,131719,173,12246,81,5841,1245.914709,12.459147,2.142897,5814160.133179,0.001511,293.760042,1197.253116,3014.934970,0.000000
68,54600,15:10:00,300000000000,300000000000,0,0,336748129111400,3486716184663092200,1997125549,103409535157416,412361037170484,771260287393842,3940,1898,160880,1744,150588,206,14246,92,9069,1122.493764,11.224938,1.931606,5811193.641105,0.006657,344.698451,1374.536791,2570.867625,0.000000
69,54900,15:15:00,300000000000,300000000000,0,0,389802230390700,3483545051317412900,1069666333,107135388458069,615620185516603,1469774722807042,8993,4165,416968,3859,383958,729,61060,240,20793,1299.340768,12.993408,2.237963,5805908.418862,0.003566,357.117962,2052.067285,4899.249076,0.000000
70,55200,15:20:00,300000000000,300000000000,0,0,361709779794400,3477872313178349200,74600993,86326843636868,414111183755685,829288180270005,10171,4838,496678,4453,457144,578,42165,302,24105,1205.699266,12.056993,2.080064,5796453.855297,0.000249,287.756145,1380.370613,2764.293934,0.000000
71,55500,15:25:00,300000000000,300000000000,0,0,405031940512000,3479952919356347400,5532301,83664497346243,415158262420269,764719225514573,7689,3750,336070,3498,310390,313,24341,128,13350,1350.106468,13.501065,2.327801,5799921.532261,0.000018,278.881658,1383.860875,2549.064085,0.000000
72,55800,15:30:00,300000000000,300000000000,0,0,318776698321700,3474182252561510900,260356743,102342989720917,474185514704142,904782804207008,10860,5117,474188,4419,412518,1000,68931,324,27866,1062.588994,10.625890,1.835118,5790303.754269,0.000868,341.143299,1580.618382,3015.942681,0.000000
73,56100,15:35:00,300000000000,300000000000,0,0,351195145088000,3471231233391636400,157844443,86049696625385,418321522231265,856838881285255,7975,3770,341802,3291,289928,650,48945,264,19948,1170.650484,11.706505,2.023462,5785385.388986,0.000526,286.832322,1394.405074,2856.129604,0.000000
74,56400,15:40:00,300000000000,300000000000,0,0,308257434901400,3470336562219738200,607902703,98289192361065,419381526099273,867194648529173,6619,3068,321579,2677,278598,633,45756,241,20623,1027.524783,10.275248,1.776528,5783894.270366,0.002026,327.630641,1397.938420,2890.648828,0.000000
75,56700,15:45:00,300000000000,300000000000,0,0,300369419140000,3467089729505818200,3314561512,113853782802991,531571390511222,1066224517933410,9520,4316,493180,3815,424285,992,68245,397,35164,1001.231397,10.012314,1.732689,5778482.882510,0.011049,379.512609,1771.904635,3554.081726,0.000000
76,57000,15:50:00,300000000000,300000000000,0,0,207228803529300,3467583099763844700,1559500591,115114119219849,519328398431942,1066473612159952,9938,4576,507953,3864,422186,1158,86818,340,28871,690.762678,6.907627,1.195235,5779305.166273,0.005198,383.713731,1731.094661,3554.912041,0.000000
77,57300,15:55:00,300000000000,300000000000,0,0,157380782391700,3466928490384191100,11310897597,174497838044091,839748480816539,1742793145615967,10850,4884,536332,3914,408370,1635,129240,417,43425,524.602608,5.246026,0.907897,5778214.150640,0.037703,581.659460,2799.161603,5809.310485,0.000000
