horizon_s,subset,latency,threshold,n_signals,hits,both_nonzero,hit_rate,gross_cents,half_spread_cents,net_one_leg,net_two_legs,beat_half_spread,consumed,beta_trial_id,trial_id
1,all,0,,6838,2057,3695,0.5566982408660351,0.36297162913132497,6.379008709029186,-6.016037079897858,-12.395045788927042,0.05791167007897046,17.574400303119088,20,54
1,all,1,,6837,1965,3554,0.5528981429375351,0.22239286236653502,6.411602134557478,-6.189209272190945,-12.600811406748427,0.05265467310223782,28.83007155144326,20,55
1,top-decile,0,531,866,412,622,0.662379421221865,1.0213625866050808,5.707343190288676,-4.685980603683602,-10.393323793972272,0.10969976905311778,5.587969703550021,20,56
1,top-decile,1,531,866,320,549,0.5828779599271403,0.365473441108545,6.147853500742494,-5.782380059633951,-11.93023356037644,0.07505773672055427,16.821614949898894,20,57
5,all,0,,2162,1013,1866,0.5428724544480171,0.5915818686401481,6.49815902802794,-5.90657715938779,-12.404736187415732,0.15587419056429233,10.98437827880876,24,58
5,all,1,,2161,943,1872,0.5037393162393162,0.05900046274872744,6.499924578814536,-6.440924116065809,-12.940848694880346,0.14021286441462286,110.16734913582913,24,59
5,top-decile,0,1401,247,121,235,0.5148936170212766,0.20242914979757085,5.503737046487856,-5.301307896690284,-10.805044943178139,0.1862348178137652,27.188461009650013,24,60
5,top-decile,1,1401,247,104,223,0.4663677130044843,-0.18218623481781376,5.765436556733198,-5.947622791551012,-11.713059348284212,0.16194331983805668,,24,61
10,all,0,,1159,555,1093,0.5077767612076852,0.19456427955133737,6.522621883603671,-6.3280576040523355,-12.850679487656006,0.2200172562553926,33.52425172104947,28,62
10,all,1,,1158,546,1090,0.5009174311926605,0.401986183074266,6.522030894661749,-6.120044711587484,-12.64207560624923,0.21934369602763384,16.22451509348723,28,63
10,top-decile,0,2206,117,47,113,0.415929203539823,-1.4316239316239316,5.451926892611537,-6.883550824235471,-12.335477716847008,0.24786324786324787,,28,64
10,top-decile,1,2206,116,56,111,0.5045045045045045,-0.08189655172413793,5.663286565628879,-5.745183117353018,-11.408469682981899,0.29310344827586204,,28,65
30,all,0,,389,198,386,0.5129533678756477,0.005141388174807198,6.522499967262637,-6.517358579087828,-13.039858546350468,0.3341902313624679,1268.626243632583,32,66
30,all,1,,388,205,385,0.5324675324675324,0.5682989690721649,6.52582374567809,-5.957524776605922,-12.483348522284013,0.33762886597938147,11.483082146590018,32,67
30,top-decile,0,5220,29,13,29,0.4482758620689655,0.6206896551724138,5.128362791871263,-4.507673136698849,-9.636035928570113,0.3793103448275862,8.26236227579259,32,68
30,top-decile,1,5220,29,17,29,0.5862068965517241,4.137931034482759,5.342511350074138,-1.2045803155913792,-6.5470916656655165,0.5172413793103449,1.29110690960125,32,69
60,all,0,,195,100,195,0.5128205128205128,0.8666666666666667,6.537318756251543,-5.670652089584873,-12.207970845836417,0.36923076923076925,7.543060103367165,36,70
60,all,1,,194,101,194,0.520618556701031,0.7577319587628866,6.529743620474578,-5.772011661711689,-12.301755282186265,0.422680412371134,8.61748477804128,36,71
60,top-decile,0,9774,8,4,8,0.5,-3.0,5.344700347347917,-8.344700347347917,-13.689400694695832,0.375,,36,72
60,top-decile,1,9774,7,6,7,0.8571428571428571,12.785714285714286,5.936066314288095,6.849647971426191,0.9135816571380951,0.8571428571428571,0.464273343016946,36,73
300,all,0,,39,21,39,0.5384615384615384,7.102564102564102,6.632737275257223,0.4698268273068811,-6.16291044795034,0.5384615384615384,0.93385109651636,40,74
300,all,1,,38,20,38,0.5263157894736842,1.9473684210526316,6.612570512086492,-4.6652020910338585,-11.277772603120349,0.5263157894736842,3.395644317017388,40,75
300,top-decile,0,18903,3,0,3,0.0,-27.0,5.946048380593333,-32.94604838059333,-38.89209676118667,0.0,,40,76
300,top-decile,1,18903,3,2,3,0.6666666666666666,-37.0,6.210760363302222,-43.21076036330222,-49.421520726604435,0.6666666666666666,,40,77
