horizon_s,direction,split,predictor,n_fit,n_test,beta,t_stat,r2_oos,hits,both_nonzero,excluded,hit_rate,z,band,clears_band,edge_cents,n_signals,trial_id
1,primary,first-half/second-half,ofi,11699,11700,0.5058581304747694,6.496085352779302,0.006731634280016774,2057,3695,8005,0.5566982408660351,6.892976559204121,0.016121997680238757,True,0.36297162913132497,6838,20
1,primary,first-half/second-half,last,11699,11700,-0.008682254673010398,-0.9398049690927989,-0.0010337414847936266,1400,3021,8679,0.4634227077126779,-4.02084110491777,0.017829974130404592,False,-0.28554261416158255,5409,21
1,reversed,second-half/first-half,ofi,11700,11699,0.556121098971096,8.941174282595858,0.003558926251867822,2168,4379,7320,0.4950902032427495,-0.6498019091411967,0.014809438859497044,False,0.24173217674166442,7378,22
1,reversed,second-half/first-half,last,11700,11699,0.055187503386983146,5.978459449633342,-0.004010109567908371,1756,3856,7843,0.4553941908713693,-5.539746987047145,0.015781837346820354,False,-0.008623468729851709,6204,23
5,primary,first-half/second-half,ofi,2339,2340,0.49948373054678313,3.3349320603609915,0.0068046353169194385,1013,1866,474,0.5428724544480171,3.7039418763481544,0.022686643992632448,True,0.5915818686401481,2162,24
5,primary,first-half/second-half,last,2339,2340,0.039982209576090104,1.9348438237910441,-0.0006251327221871161,927,1751,589,0.5294117647058824,2.461467759165609,0.02341979032992521,True,0.42006972111553786,2008,25
5,reversed,second-half/first-half,ofi,2340,2339,0.505187318629735,4.003391534307532,0.004733820860850169,1067,1978,361,0.5394337714863499,3.5076112532236454,0.022034993770251105,True,0.7315978456014363,2228,26
5,reversed,second-half/first-half,last,2340,2339,0.012174191864277184,0.5888538615727295,0.0008253271550425767,984,1836,503,0.5359477124183006,3.0806161848616216,0.022871241372457492,True,0.6544616876818623,2062,27
10,primary,first-half/second-half,ofi,1169,1170,0.22780044849730566,1.1393924438633387,-0.0008755016159036622,555,1093,77,0.5077767612076852,0.5142080134160679,0.029642579596926275,False,0.19456427955133737,1159,28
10,primary,first-half/second-half,last,1169,1170,0.010210283044378838,0.3490109571693898,-0.0016178032889027083,504,1038,132,0.48554913294797686,-0.9311562828663013,0.030417771906965842,False,-0.36116152450090744,1102,29
10,reversed,second-half/first-half,ofi,1170,1169,0.04780417154216841,0.2786993194661582,0.00041708230402215385,589,1120,49,0.5258928571428572,1.7330814835348707,0.029283100928692643,False,0.7288793103448276,1160,30
10,reversed,second-half/first-half,last,1170,1169,-0.07410738004112595,-2.5409538657267285,-0.007007064412923869,555,1090,79,0.5091743119266054,0.6057825328153826,0.02968334410795375,False,0.3071808510638298,1128,31
30,primary,first-half/second-half,ofi,389,390,-0.018381991783721734,-0.05931790838033927,-2.2699072873111348e-05,198,386,4,0.5129533678756477,0.5089865985592876,0.04988068665881018,False,0.005141388174807198,389,32
30,primary,first-half/second-half,last,389,390,0.021849953944373272,0.43038328349731875,-0.003839759900957862,170,384,6,0.4427083333333333,-2.2453655975512468,0.05001041558182322,False,-1.2609819121447028,387,33
30,reversed,second-half/first-half,ofi,390,389,0.006482040846515866,0.02537482907958534,-7.523307464119e-06,190,384,5,0.4947916666666667,-0.20412414523193154,0.05001041558182322,False,1.6105398457583548,389,34
30,reversed,second-half/first-half,last,390,389,-0.07688581299139623,-1.521412998982793,-0.009266438027760504,189,379,10,0.49868073878627966,-0.051366549693751415,0.05033921869987638,False,-0.640625,384,35
60,primary,first-half/second-half,ofi,194,195,-0.27926638702048656,-0.7053381272836595,0.00015510930764273123,100,195,0,0.5128205128205128,0.35805743701971643,0.07017925765586441,False,0.8666666666666667,195,36
60,primary,first-half/second-half,last,194,195,-0.07868859275274942,-1.094097310164367,0.006496698056172923,99,195,0,0.5076923076923077,0.21483446221182986,0.07017925765586441,False,1.082051282051282,195,37
60,reversed,second-half/first-half,ofi,195,194,-0.14542638592179744,-0.44371075603504595,0.0019805560961575486,105,193,1,0.5440414507772021,1.2236867762727808,0.07054194357337205,False,1.693298969072165,194,38
60,reversed,second-half/first-half,last,195,194,-0.0802752698810933,-1.1265434687550941,0.0061615880679989354,104,192,2,0.5416666666666666,1.1547005383792517,0.07072540797572915,False,0.49740932642487046,193,39
300,primary,first-half/second-half,ofi,38,39,0.11497475138549589,0.16006354521635568,-0.006260313589946609,21,39,0,0.5384615384615384,0.48038446141526137,0.15692559072898538,False,7.102564102564102,39,40
300,primary,first-half/second-half,last,38,39,-0.14977655761458095,-1.0002085293457672,-0.023352379057487438,20,39,0,0.5128205128205128,0.16012815380508713,0.15692559072898538,False,-6.564102564102564,39,41
300,reversed,second-half/first-half,ofi,39,38,-0.39277243053331995,-0.5981609236056039,-0.012803028741583011,20,38,0,0.5263157894736842,0.3244428422615251,0.1589769927081473,False,-4.907894736842105,38,42
300,reversed,second-half/first-half,last,39,38,0.0017305134181911375,0.010760400246390037,-0.0006118649259094777,17,38,0,0.4473684210526316,-0.6488856845230502,0.1589769927081473,False,-0.09210526315789473,38,43
