regime,kind,label,horizon_s,predictor,n_fit,n_test,beta,t_stat,r2_oos,hits,both_nonzero,excluded,hit_rate,z,band,verdict,edge_cents,n_signals,trial_id
open,window,09:30-10:00,10,ofi,2159,180,0.037106149695154515,0.27989629597918014,0.0008689941824117087,98,175,5,0.56,1.5874507866387544,0.07408103670980853,inside,1.3416666666666666,180,44
open,window,09:30-10:00,10,last,2159,180,-0.048076319652845576,-2.256898552751033,-0.007972299373065095,90,171,9,0.5263157894736842,0.6882472016116853,0.07494247306438351,inside,2.3771428571428572,175,45
midday,window,11:00-14:00,10,ofi,1259,1080,0.1535381380581677,0.9282285588117203,2.0982211065168066e-05,529,1008,72,0.5248015873015873,1.57485197087178,0.030867098629086893,inside,0.7916274694261524,1063,46
midday,window,11:00-14:00,10,last,1259,1080,-0.010825606451597473,-0.3840746759968696,0.0010660146368159928,502,972,108,0.5164609053497943,1.0264004785593346,0.03143351465587963,inside,0.17497556207233628,1023,47
close,window,15:30-16:00,10,ofi,2160,179,0.3169919595790613,2.2615810730939887,-0.01787887524765419,81,170,9,0.4764705882352941,-0.6135719910778963,0.0751625689070423,inside,-1.053072625698324,179,48
close,window,15:30-16:00,10,last,2160,179,0.0019649502469337573,0.09131402083696684,-0.0007955288073913103,70,161,18,0.43478260869565216,-1.6550318531021113,0.07723481981143186,inside,-2.476470588235294,170,49
high-vol,decile,"trailing variance >= 1852 (top decile, first-half cut)",10,ofi,2175,164,0.3205928758656519,2.2217142777409955,-0.009898359736771,75,159,5,0.4716981132075472,-0.7137464271463297,0.07771905540037813,inside,0.14634146341463414,164,50
high-vol,decile,"trailing variance >= 1852 (top decile, first-half cut)",10,last,2175,164,0.0006925225101123314,0.029385876076177733,-0.0001645756056556369,67,155,9,0.432258064516129,-1.6867605906952476,0.0787154942324449,inside,-3.1792452830188678,159,51
quiet,decile,"trailing variance <= 142.5 (bottom decile, first-half cut)",10,ofi,2075,264,0.11012819448714019,0.8206561477111566,0.0017227410944467003,152,239,25,0.6359832635983264,4.204500477795481,0.06339093028060878,above,2.390625,256,52
quiet,decile,"trailing variance <= 142.5 (bottom decile, first-half cut)",10,last,2075,264,-0.028943114145919158,-1.3776548254759304,-0.002450921048796184,94,227,37,0.41409691629955947,-2.5885209152398905,0.06504488453679726,below,-1.2375,240,53
