ticker,permno,decile,price,dollar_volume,shares,trades,signed,unsigned_share,no_realized_share,buy_share,quoted_bps,quoted_cents,two_sided_share,effective_bps,effective_bps_dw,realized_bps,realized_bps_dw,impact_bps,impact_bps_dw
AAPL,14593,10,583.4909127730924,6540463984.1539,11217107,72505,71806,0.009640714433487345,0.04031696515611509,0.47372085898114363,1.9770161424701653,11.53570953537055,0.999542094017094,1.4273311461716756,1.5672044621077392,0.7820094064652418,1.0368568060470844,0.6761978440501486,0.5633300247224271
ADI,60871,4,37.64168224277268,74710481.6564,1986129,14408,13296,0.07717934480843976,0.05422683513838748,0.5003760529482552,3.616908827390109,1.3614653278169804,0.9986120512820513,3.0373945109426113,3.213129488893045,-2.177717629245532,-1.1404183333173359,5.249544815337406,4.414525028294556
AEE,24985,3,33.30439258862753,55492766.2669,1670054,11473,11160,0.02728144338882594,0.03853046594982079,0.432258064516129,3.511722289762269,1.1695577780047661,0.9992312820512821,2.986485000894787,2.9696452384664584,-1.8048677514060805,-1.9215437527561796,4.795037152005015,4.892344055798221
AIG,66800,9,31.431360128095772,359351681.8151,11457859,58272,54871,0.05836422295442065,0.04805817280530699,0.45042007617867363,3.3875857312570132,1.0647642708393785,0.9974107692307692,3.3270062971865704,3.478044603453547,-2.1910434033087065,-1.3436035812248506,5.53873216478563,4.84577371757883
ANR,90547,5,8.478880692964857,112031145.3861,13213320,45319,43362,0.04318277102319116,0.054241040542410406,0.5157049951570499,12.020767371723936,1.01922652382732,0.9969400854700855,11.5745707596496,11.637167363337854,1.2700627549775474,2.6773179710640105,10.3456493197546,8.994344855491363
BCR,46877,2,104.67113193875576,48982849.4345,467954,3835,3822,0.003389830508474576,0.046049188906331764,0.4989534275248561,5.858111128809254,6.131751228754868,0.9999699145299146,3.642286988038157,3.385218238582344,-0.5778408187320573,-1.440902932734114,4.292957553958357,4.892877163793876
BLL,57568,1,41.867899513828014,30066584.1436,720291,5719,5584,0.023605525441510754,0.09169054441260745,0.5062679083094556,4.19585380111301,1.7567158531971285,0.9998220512820513,3.1504467595849195,3.1682731647309534,0.6600883330099719,1.253125269638733,2.5618658823401987,1.9871270146268447
BMY,19393,9,34.84637463115107,269213141.7325,7728501,35326,33880,0.04093302383513559,0.06077331759149941,0.47863046044864227,2.8942820152822915,1.0085523539272965,0.9989352564102564,2.740878350882409,2.7566242400568477,0.9296049795860318,0.6968615437935705,1.8210177633462064,2.058686765282431
CLF,27422,8,49.576124576278254,186555445.1764,3762929,24306,23590,0.029457747058339506,0.05574395930479017,0.4972869860110216,5.024927689473604,2.4911644112013343,0.9991715811965812,3.502185229372512,3.9627913261735808,-2.0309107119554106,1.8407053845073604,5.609869282293916,2.2195744888583153
CMI,41080,8,92.68031995153808,213475226.6691,2304498,17336,17227,0.006287494231656668,0.04707726243687235,0.45417077842920994,5.74074364139877,5.320539574445958,0.9998509401709401,3.8780168698665025,3.915406461228552,0.24326062726104108,0.7608066209840368,3.7350101345515005,3.2671806805816024
CNX,86799,5,28.27244365098247,90879790.4595,3218457,22561,21269,0.057266965116794466,0.06130988762988387,0.47966524049085524,5.207455344717618,1.4722748779853636,0.9979887179487179,4.164220738824069,4.155952223022177,0.7699796431725321,1.7852978994723132,3.4563917160037425,2.4536455279721014
COG,76082,6,35.58095827892183,127883196.5938,3606460,25085,24035,0.041857683874825594,0.07434990638651966,0.4989390472228001,4.538669522853293,1.6149021093445703,0.9988054273504273,3.499692369930526,3.8049854096000373,-2.0968905871706696,-1.298066514030191,5.6458710068403715,5.199501949852705
COH,88661,8,60.52665450307651,225624925.9119,3736619,24801,24104,0.028103705495746138,0.051817125788250915,0.5045220710255559,3.6963836688192475,2.2372973723343694,0.9992750427350428,2.5830835417027647,2.5098963997077726,0.16026070854452018,1.849304825131978,2.459810222092906,0.6985953778674753
COV,92156,7,52.82444061676627,135501286.0805,2568165,16541,16091,0.02720512665497854,0.049841526319060345,0.47840407681312536,2.6896357493579894,1.4207850392269277,0.9995918376068376,2.2052955311392988,2.275731363398122,-0.026201504550476793,-0.3416836799690664,2.2256251072424615,2.619288049246493
CSCO,76076,10,17.15349217371663,718300745.9728,41990569,109072,100147,0.08182668329177058,0.07082588594765694,0.43313329405773515,5.829780768772447,1.000010987916219,0.9917654700854701,5.081587395679641,6.836039187552526,-0.39093682754718023,-0.2722556824549654,5.479542361244599,7.255228731503544
CSX,62148,7,22.195707730726717,158815388.7994,7156842,35741,34153,0.044430765787191184,0.04916112786578046,0.4483061517289843,4.624620571051188,1.0264672656055864,0.9982658547008547,4.319256637614761,4.334293415617287,0.15449051085732923,-0.19121280052661116,4.18056256285157,4.531016165463669
DFS,92121,8,33.908700529460816,234993561.6587,6948004,40884,38370,0.061491047842676845,0.05923898879332812,0.45879593432369037,3.204693113589268,1.0866697907752385,0.9951100854700855,2.930400879409353,3.480290629257585,-1.6685446738307337,-0.8940849513668164,4.611961759496753,4.424802149429175
EQR,79547,6,59.928929372620566,130518342.5497,2180313,16139,15595,0.0337071689695768,0.0832318050657262,0.496697659506252,3.5442382716343297,2.1240240506051253,0.9989122649572649,2.5414355728410314,3.0198164149740565,0.4695721906863724,1.4576028077750334,2.1441522361746173,1.6865400580739642
EXPE,90808,7,47.97488650456212,169933806.3988,3540752,23643,19849,0.160470329484414,0.06786236082422288,0.5075822459569752,3.7219440823138914,1.7855984492533556,0.9938857264957265,2.6783147516976262,2.7042691925988813,0.3049500995482461,0.5263917734623947,2.405179351151815,2.2084031054280557
FSLR,91611,4,14.748124238768446,84687701.6674,5724035,28808,23927,0.16943210219383503,0.05918000585113052,0.5160697120407908,8.183133684759001,1.2068587224527676,0.9909647435897436,7.732118914286109,9.215364122616968,0.5725690874097026,0.5730950843911538,7.220906074296452,8.77537511270671
FTI,89004,6,39.54829340571942,115835439.366,2941005,21483,20858,0.0290927710282549,0.05201841020232045,0.4154281330904209,5.191436942151857,2.0531247138551247,0.998295170940171,3.681624882847673,3.6059093975501026,-0.77308644155871,2.827544332896031,4.497975764777352,0.8106399010265425
GLW,22293,8,12.905251422073338,193431245.4806,15013048,51484,47560,0.07621785409059126,0.0526282590412111,0.4501892346509672,7.764436321925434,1.0020200288512608,0.9886251282051282,7.082377348430722,7.103286480221884,-0.2598202369982771,0.06346694449442189,7.394202296044396,7.053075561972319
GME,89301,2,17.789201133389778,45559370.3145,2570683,15587,14977,0.03913517674985565,0.0698404219803699,0.5012352273486012,5.878754804728359,1.0457835163519433,0.9993846153846154,5.511565748416388,5.577282005251147,0.5148378207138731,-0.014189259460884288,5.03975217921169,5.623097557528384
GT,16432,4,11.326422690068714,73313366.7128,6475554,29526,28323,0.04074375127006706,0.046146241570455104,0.5353246478127317,9.029483644883312,1.0227174843501068,0.9973097008547008,8.33735074443774,8.587646629099773,1.1865383091340995,2.410835683023101,7.190626098766034,6.201697286422977
HAR,75224,3,37.03579302834471,61086630.5496,1650166,9013,8732,0.031177188505492066,0.05428309665597801,0.5166055886394869,7.027944594558587,2.602855014187458,0.999150811965812,3.71395129417569,3.6206522012150453,0.5548605442698304,0.09285078857519961,3.169823438602069,3.302470115473524
IVZ,19583,5,21.892027205093235,101328892.1289,4640619,27862,26799,0.03815232215921326,0.06873390798164111,0.4811746706966678,4.718998184995661,1.033084366467106,0.9989315384615385,4.405608645652019,4.202821843479285,-0.2413785943944016,2.5718216026735297,4.6391094132175,1.6000432909753293
JDSU,79879,2,10.457182955467628,35562672.8405,3408119,17238,14951,0.1326720037127277,0.08073038592736272,0.5045816333355628,9.68040926401122,1.0122981075756905,0.9916055555555555,9.206938549483294,9.362536377122279,1.0118515276904692,3.516103504900963,8.204336159948603,5.860313257610684
JNJ,22111,10,66.50433512116065,1367192282.4631,20553296,91539,86291,0.057330755197238334,0.040363421446037245,0.46565690512336166,1.5182655077077,1.00971238127492,0.9939247435897436,1.4557560365239095,1.9751874766065602,-0.9533730689377282,0.08868687216612343,2.4101474762597324,1.9097831873341031
K,26825,3,49.278149344084575,61687300.2696,1255782,8222,8009,0.025906105570420824,0.04757148208265701,0.5068048445498814,3.3234261737181354,1.6377229132252185,0.9995002136752137,2.397488437046891,2.388425098166744,0.22709411106087585,-0.025373396711268148,2.1696164555449955,2.3899096411031424
KFT,89006,10,39.09357848368372,318830790.5416,8161857,39313,37906,0.0357896878895022,0.055875059357357676,0.42185933625283595,2.57153044964254,1.0053032745628312,0.9977870085470085,2.4593273266888485,2.5241455415544705,-0.4136440919398463,-0.392774787877035,2.882675168944235,2.9270747063317977
KMI,12558,7,32.13625322159368,158878243.6273,4947879,26732,25277,0.054429148585964385,0.058828183724334376,0.5186928828579341,3.3777236889523703,1.0854738378074889,0.9942423504273504,3.1334484366690525,3.3376170961330347,1.3714265550230558,1.4188305476513547,1.7668294964488582,1.8945314597438625
KSS,77606,7,43.79915030331333,148007028.5489,3373668,21688,20376,0.06049428255256363,0.047752257557911265,0.4949450333725952,3.1534144721603266,1.3811687443479364,0.998185,2.7264230376119762,2.7425361877712415,-0.00189048722686231,-1.4203122841451954,2.758069356238712,4.191162459030804
MAR,85913,6,38.975203017608735,110775121.6879,2843395,19733,18514,0.061774692140069934,0.06292535378632386,0.47439775305174464,3.179479607522319,1.239208631935293,0.9953854273504273,2.804976635629734,2.8018871606152236,-0.7722435729663718,-0.501347297304741,3.6034864134785196,3.3332705938142007
MCO,48506,3,35.20542135131719,50214712.9867,1430868,9866,9528,0.03425907155888912,0.06633081444164568,0.4708228379513014,4.47257878307208,1.5745902058501404,0.9994907692307692,3.3955962658380483,3.3844780527402474,1.4925009054610214,0.8037994393077983,1.940657829808727,2.61885180741788
MET,87842,9,30.186577608109065,278769708.4146,9272093,48984,43779,0.10625918667319942,0.061741931062838346,0.4753649009799219,3.8503181092087804,1.162279264195386,0.9920902991452991,3.393546505176908,3.4423655830680553,0.05097752562621934,0.2205898100741412,3.3510045755238944,3.231385295375573
MS,69032,10,14.103163379626926,460840972.5828,32675121,101049,92780,0.08183158665597878,0.07224617374434145,0.5050980814830782,7.139711413335023,1.0069251654565088,0.9962982051282051,6.7125439389002945,7.2365244713850885,-1.1846090681596357,0.604068022546287,7.917383389164556,6.633293572892777
NOC,24766,5,62.08119775400619,94061219.7149,1516370,11430,11095,0.02930883639545057,0.04443442992338891,0.47552951780081115,3.5884921869885766,2.2277789309914398,0.9997249572649572,2.3664117969334373,2.333336811907438,0.7299793050570715,0.664412982136732,1.6645983847408403,1.6958296492752178
OI,77157,1,19.096442609358615,33881477.6811,1783275,9732,9012,0.07398273736128237,0.06746560142032845,0.4871282734132268,7.13406486408994,1.3623526024853532,0.9960564102564102,5.451665813585312,5.5232427762418554,1.135775000966054,6.342270429168279,4.353639108147932,-0.7822572467697971
PBCT,12073,1,11.702342380936152,25564729.1915,2187883,10672,10066,0.056784107946026986,0.10083449235048679,0.504073117424995,8.54873228746646,1.0004019215089603,0.9993659401709402,7.918002952442768,8.63572638296082,0.308611516496019,-1.884768990259265,7.779430256445021,10.705951877360524
PCG,13688,9,44.57379782559902,85943187.8346,1934074,11633,11402,0.019857302501504342,0.05446412910015787,0.45465707770566566,2.731173555517408,1.2173877789025542,0.9997920085470086,2.3635977873593568,2.3035005990783675,-0.34694847311974847,0.4208162646815032,2.719559837611612,1.8876052756154147
PDCO,78034,1,33.982159696135334,13633769.808,402020,3528,3137,0.11082766439909297,0.058017213898629266,0.5058973541600255,5.684509620010435,1.9317191370141218,0.9984258119658119,3.3840176516643545,3.477218508466269,0.8429288937600623,0.3413347910375557,2.602389160201814,3.207454162438039
RRC,50017,5,57.889317247680374,95402169.4791,1648702,13499,13227,0.020149640714126973,0.05118318590761321,0.5201481817494519,6.607802565420683,3.8252117901967413,0.9998354273504273,4.458951655741247,4.5831695755965525,0.7323182357286199,0.24645161227725076,3.848504238751498,4.471778137450763
SHLD,89757,2,53.442952565402436,36550032.9574,684518,5521,5150,0.06719797138199601,0.08097087378640777,0.5174757281553398,13.892111184369366,7.4243543905954885,0.99944,7.134895755034776,7.256454790508918,1.1646012461421267,2.6173415465782353,6.241356043357956,4.970603137606059
SLB,14277,10,63.66904505984759,525773180.9325,8267438,49526,47935,0.03212454064531761,0.05501199541045165,0.4631897361009701,2.4444122240117263,1.5563339203544488,0.9979159401709402,2.0564477880942325,2.164825123464703,-0.998523396007771,-0.7120110683140292,3.080094008234477,2.91744909170141
SYK,73139,4,54.26381720603515,86803028.9656,1601210,12144,11802,0.02816205533596838,0.05668530757498729,0.5065243179122183,2.832208963043899,1.536864694599085,0.9990223504273504,2.2890328878474717,2.3741542772751756,-0.5723676146841645,-0.7782591990353975,2.89029644371633,3.1908940745551835
TDC,92293,4,70.74160333890819,83111293.1583,1177887,8730,8610,0.013745704467353952,0.08652729384436701,0.45574912891986064,6.203242918041503,4.388273499229834,0.9999609401709402,3.9639616148357772,3.8118519062061336,-1.3559555704494237,-1.2501031073558728,5.518040371206776,5.298744567247189
TROW,10138,6,60.505981772855,120055952.7782,1993128,16598,15594,0.06048921556814074,0.07175836860330896,0.4747338720020521,3.967626151621195,2.4006511561149484,0.9992352136752137,2.2784308735183303,2.34460221687736,-0.08591162540187317,-1.011205565635887,2.3856242216226664,3.3814420817230992
VLO,85269,9,23.019378603013497,265990624.1251,11543502,56250,52943,0.05879111111111111,0.040987477098011066,0.5006894206977315,4.559499613860144,1.0495684785174049,0.9957165384615385,4.298925018360502,4.303176493817668,0.5407348347769501,2.46330314380025,3.767580536818553,1.8453358866874219
VMC,15202,1,34.44658690750904,22421570.2452,651650,5136,5046,0.017523364485981307,0.07510899722552516,0.48553309552120494,12.572652152378666,4.3308495502479225,0.9997673076923077,7.40935594223071,7.414250874027665,3.0887550779442936,4.068942694114473,4.585915547283207,3.685365777548679
XRAY,11600,2,37.83278698324282,40774591.711,1079271,8961,7962,0.11148309340475393,0.08603365988445115,0.48907309721175585,4.211093639436937,1.5931740862730637,0.9982070512820512,2.9155168604032355,3.142047313155149,0.3359922358381369,1.0501364618387241,2.626277185311323,2.1681049087433926
ZMH,89070,3,62.33302180730501,67106198.0588,1075407,7478,7371,0.014308638673442097,0.04653371320037987,0.41866775200108536,3.518208081268278,2.1930054105233228,0.9997532051282051,2.4074255321591815,22.19126040745019,-0.6429645794626626,20.943266020374864,3.064047000131509,2.5183623603732608
