trial_id,logged_at,script,question,ticker,date,clock,bucket,horizon,window,split,n_obs,metric,value,status,note
1,2026-10-03T19:26:31Z,ofi_first_look.py,"contemporaneous: bucket mid change (cents) on bucket OFI (shares), through the origin and with an intercept",AAPL,2012-06-21,calendar,1,0,09:30-16:00,none,23400,r2,0.30816707538564336,descriptive,beta0=4.25373 cents/kshare; r2_0=0.308165; beta=4.25397; alpha=0.00548078 cents; hit_rate=0.897387 over 11100 both-nonzero (12300 excluded); level 10
2,2026-10-03T19:26:31Z,ofi_first_look.py,"contemporaneous: bucket mid change (cents) on bucket OFI (shares), through the origin and with an intercept",AAPL,2012-06-21,calendar,10,0,09:30-16:00,none,2340,r2,0.4115711473039041,descriptive,beta0=4.09454 cents/kshare; r2_0=0.411559; beta=4.09571; alpha=0.0400014 cents; hit_rate=0.860099 over 2223 both-nonzero (117 excluded); level 10
3,2026-10-03T19:26:31Z,ofi_first_look.py,"contemporaneous: bucket mid change (cents) on bucket OFI (shares), through the origin and with an intercept",AAPL,2012-06-21,calendar,60,0,09:30-16:00,none,390,r2,0.5453423571502583,descriptive,beta0=3.76792 cents/kshare; r2_0=0.545338; beta=3.76897; alpha=0.0566088 cents; hit_rate=0.820051 over 389 both-nonzero (1 excluded); level 10
4,2026-10-03T19:26:31Z,ofi_first_look.py,"contemporaneous: bucket mid change (cents) on bucket OFI (shares), through the origin and with an intercept",AAPL,2012-06-21,event,50,0,09:30-16:00,none,2143,r2,0.3781856376683471,descriptive,beta0=4.3843 cents/kshare; r2_0=0.378141; beta=4.38739; alpha=0.074859 cents; hit_rate=0.84208 over 2077 both-nonzero (66 excluded); level 10
5,2026-10-03T19:26:32Z,ofi_first_look.py,"contemporaneous: bucket mid change (cents) on bucket OFI (shares), through the origin and with an intercept",AAPL,2012-06-21,event,200,0,09:30-16:00,none,535,r2,0.46527545264862724,descriptive,beta0=4.30224 cents/kshare; r2_0=0.465132; beta=4.31089; alpha=0.274273 cents; hit_rate=0.822642 over 530 both-nonzero (5 excluded); level 10
6,2026-10-03T19:26:32Z,ofi_first_look.py,"depth scaling: bucket mid change (cents) on bucket OFI (shares) through the origin, one window",AAPL,2012-06-21,calendar,10,0,09:30-10:00,none,180,beta0_cents_per_kshare,3.0660339568839996,descriptive,"r2_0=0.183871; depth_per_side=145.283 shares, time-weighted; level 10"
7,2026-10-03T19:26:32Z,ofi_first_look.py,"depth scaling: bucket mid change (cents) on bucket OFI (shares) through the origin, one window",AAPL,2012-06-21,calendar,10,0,10:00-10:30,none,180,beta0_cents_per_kshare,4.20592215336926,descriptive,"r2_0=0.438372; depth_per_side=175.998 shares, time-weighted; level 10"
8,2026-10-03T19:26:32Z,ofi_first_look.py,"depth scaling: bucket mid change (cents) on bucket OFI (shares) through the origin, one window",AAPL,2012-06-21,calendar,10,0,10:30-11:00,none,180,beta0_cents_per_kshare,3.502536767387245,descriptive,"r2_0=0.384971; depth_per_side=155.808 shares, time-weighted; level 10"
9,2026-10-03T19:26:32Z,ofi_first_look.py,"depth scaling: bucket mid change (cents) on bucket OFI (shares) through the origin, one window",AAPL,2012-06-21,calendar,10,0,11:00-11:30,none,180,beta0_cents_per_kshare,5.815270794931879,descriptive,"r2_0=0.55519; depth_per_side=140.857 shares, time-weighted; level 10"
10,2026-10-03T19:26:32Z,ofi_first_look.py,"depth scaling: bucket mid change (cents) on bucket OFI (shares) through the origin, one window",AAPL,2012-06-21,calendar,10,0,11:30-12:00,none,180,beta0_cents_per_kshare,4.7747446754871286,descriptive,"r2_0=0.443757; depth_per_side=178.801 shares, time-weighted; level 10"
11,2026-10-03T19:26:32Z,ofi_first_look.py,"depth scaling: bucket mid change (cents) on bucket OFI (shares) through the origin, one window",AAPL,2012-06-21,calendar,10,0,12:00-12:30,none,180,beta0_cents_per_kshare,5.776402599951868,descriptive,"r2_0=0.621663; depth_per_side=156.517 shares, time-weighted; level 10"
12,2026-10-03T19:26:32Z,ofi_first_look.py,"depth scaling: bucket mid change (cents) on bucket OFI (shares) through the origin, one window",AAPL,2012-06-21,calendar,10,0,12:30-13:00,none,180,beta0_cents_per_kshare,7.296215007235081,descriptive,"r2_0=0.642371; depth_per_side=120.043 shares, time-weighted; level 10"
13,2026-10-03T19:26:32Z,ofi_first_look.py,"depth scaling: bucket mid change (cents) on bucket OFI (shares) through the origin, one window",AAPL,2012-06-21,calendar,10,0,13:00-13:30,none,180,beta0_cents_per_kshare,5.85437450398436,descriptive,"r2_0=0.573418; depth_per_side=150.729 shares, time-weighted; level 10"
14,2026-10-03T19:26:32Z,ofi_first_look.py,"depth scaling: bucket mid change (cents) on bucket OFI (shares) through the origin, one window",AAPL,2012-06-21,calendar,10,0,13:30-14:00,none,180,beta0_cents_per_kshare,9.293316729055626,descriptive,"r2_0=0.711479; depth_per_side=120.85 shares, time-weighted; level 10"
15,2026-10-03T19:26:32Z,ofi_first_look.py,"depth scaling: bucket mid change (cents) on bucket OFI (shares) through the origin, one window",AAPL,2012-06-21,calendar,10,0,14:00-14:30,none,180,beta0_cents_per_kshare,3.6604830180936028,descriptive,"r2_0=0.489964; depth_per_side=165.607 shares, time-weighted; level 10"
16,2026-10-03T19:26:32Z,ofi_first_look.py,"depth scaling: bucket mid change (cents) on bucket OFI (shares) through the origin, one window",AAPL,2012-06-21,calendar,10,0,14:30-15:00,none,180,beta0_cents_per_kshare,6.15654083476044,descriptive,"r2_0=0.556054; depth_per_side=142.821 shares, time-weighted; level 10"
17,2026-10-03T19:26:32Z,ofi_first_look.py,"depth scaling: bucket mid change (cents) on bucket OFI (shares) through the origin, one window",AAPL,2012-06-21,calendar,10,0,15:00-15:30,none,180,beta0_cents_per_kshare,2.2814973781216388,descriptive,"r2_0=0.337941; depth_per_side=153.748 shares, time-weighted; level 10"
18,2026-10-03T19:26:32Z,ofi_first_look.py,"depth scaling: bucket mid change (cents) on bucket OFI (shares) through the origin, one window",AAPL,2012-06-21,calendar,10,0,15:30-16:00,none,180,beta0_cents_per_kshare,4.5077273113730785,descriptive,"r2_0=0.640239; depth_per_side=191.708 shares, time-weighted; level 10"
19,2026-10-03T19:26:32Z,ofi_first_look.py,depth scaling: log beta0 on log depth per side across windows,AAPL,2012-06-21,calendar,10,0,09:30-16:00,none,13,elasticity,-1.4331466684359035,descriptive,intercept=1.85894; r2=0.273516; windows skipped=0; window=1800 s; level 10
